{
    "type": "project",
    "license": "proprietary",
    "minimum-stability": "stable",
    "prefer-stable": true,
    "require": {
        "php": ">=7.2.5",
        "ext-ctype": "*",
        "ext-iconv": "*",
        "jms/serializer-bundle": "5.4.0",
        "symfony/console": "5.4.*",
        "symfony/dotenv": "5.4.*",
        "symfony/flex": "^1.17|^2",
        "symfony/framework-bundle": "5.4.*",
        "symfony/runtime": "5.4.*",
        "symfony/yaml": "5.4.*"
    },
    "config": {
        "allow-plugins": {
            "composer/package-versions-deprecated": true,
            "php-http/discovery": true,
            "symfony/flex": true,
            "symfony/runtime": true
        },
        "optimize-autoloader": true,
        "preferred-install": {
            "*": "dist"
        },
        "sort-packages": true
    },
    "autoload": {
        "psr-4": {
            "App\\": "src/"
        }
    },
    "autoload-dev": {
        "psr-4": {
            "App\\Tests\\": "tests/"
        }
    },
    "replace": {
        "symfony/polyfill-ctype": "*",
        "symfony/polyfill-iconv": "*",
        "symfony/polyfill-php72": "*"
    },
    "scripts": {
        "auto-scripts": {
            "cache:clear": "symfony-cmd",
            "assets:install %PUBLIC_DIR%": "symfony-cmd"
        },
        "post-install-cmd": [
            "@auto-scripts"
        ],
        "post-update-cmd": [
            "@auto-scripts"
        ]
    },
    "conflict": {
        "symfony/symfony": "*",
		"jms/serializer-bundle": ">5.0.0"
    },
    "extra": {
        "symfony": {
            "allow-contrib": false,
            "require": "5.4.*"
        }
    }
}
